date,time,commit,violations
2026-09-19,05:30:12,10225d8,0
2026-09-19,05:54:29,6141601,0
2026-09-19,15:07:52,0c55311,0
2026-09-19,15:14:10,b8e98ee,0
2026-09-19,15:23:01,d7639c3,0
2026-09-19,15:49:07,8981723,0
2026-09-20,00:56:36,7f2c509,0
2026-09-20,00:57:30,7f2c509,0
2026-09-20,15:04:50,1c3bc07,0
2026-09-20,15:06:29,1c3bc07,0
2026-09-20,15:13:49,59dd582,0
2026-09-23,16:26:52,87861ee,0
2026-09-23,16:31:22,20cafc8,0
2026-09-23,16:36:19,eeb98c4,0
2026-09-24,09:43:00,c0fb52a,0
2026-09-24,09:43:29,9084fb7,0
2026-09-24,10:41:36,946b659,0
2026-09-24,10:54:42,2be340d,0
2026-09-24,11:01:03,2fbc495,0
